Dataset,Total_Records,Total_Features,Numerical_Features,Categorical_Features,Classes,Majority_Class,Majority_Class_Pct,Class_Imbalance_Ratio,Avg_Feature_Mean,Avg_Feature_Std,Avg_Skewness
hypothyroid,3002,24,24,0,2,0,95.30313124583611,20.29078014184397,11.900423340961098,3.9394020917613015,4.193988028451209
ann_thyroid,7129,23,21,2,3,subnormal,92.50946836863515,39.7289156626506,0.07806839181345142,0.14011947013524587,8.17540254033922
new_thyroid,215,6,5,1,3,normal,69.76744186046511,5.0,25.094372093023253,4.074034057382191,0.5311098737172756
