,count,mean,std,min,25%,50%,75%,max
age,2717.0,51.154214206845786,19.294405244235108,1.0,35.0,54.0,67.0,98.0
TSH,2695.0,5.923179962894249,23.899467321486963,0.0,0.0,0.7,2.3,530.0
T3,2468.0,1.9397487844408428,0.9967734009838641,0.0,1.4,1.8,2.3,10.2
TT4,2914.0,108.85000000000001,45.485418512837924,2.0,83.0,104.0,128.0,450.0
T4U,2915.0,0.9781989708404804,0.2265795956760074,0.0,0.85,0.96,1.065,2.21
FTI,2916.0,115.39777091906723,60.239572012057614,0.0,91.0,107.0,129.0,881.0
TBG,260.0,31.28307692307692,19.22465894968001,0.0,21.0,28.0,34.0,122.0
