,count,mean,std,min,25%,50%,75%,max
class,215.0,1.441860465116279,0.7267365789647513,1.0,1.0,1.0,2.0,3.0
T3_resin_uptake,215.0,109.5953488372093,13.1454471968021,65.0,103.0,110.0,117.5,144.0
total_serum_thyroxin,215.0,9.804651162790698,4.697362229001958,0.5,7.1,9.2,11.3,25.3
total_serum_triiodothyronine,215.0,2.050232558139535,1.4194863628964645,0.2,1.35,1.7,2.2,10.0
basal_TSH,215.0,2.88,6.118030652540126,0.1,1.0,1.3,1.7,56.4
max_TSH_difference,215.0,4.199069767441861,8.070518580528834,-0.7,0.55,2.0,4.1,56.3
