,count,mean,std,min,25%,50%,75%,max,skewness,kurtosis
T3_resin_uptake,215.0,109.87674418604651,12.152911793108506,81.25,103.0,110.0,117.5,139.25,-0.09221117622641838,0.3078783011375861
total_serum_thyroxin,215.0,9.513023255813954,3.971289213023314,0.799999999999998,7.1,9.2,11.3,17.6,0.3150961200848354,-0.05839407237502359
total_serum_triiodothyronine,215.0,1.8455813953488376,0.7658475310228172,0.2,1.35,1.7,2.2,3.4750000000000005,0.6111565371936513,0.05202187427753113
basal_TSH,215.0,1.4223255813953486,0.6503336211015525,0.1,1.0,1.3,1.7,2.75,0.7522957811831738,-0.1514331641953075
max_TSH_difference,215.0,2.8141860465116277,2.829788128654762,-0.7,0.55,2.0,4.1,9.425,1.0692121063511364,0.30862394391884074
