,T3_resin_uptake,total_serum_thyroxin,total_serum_triiodothyronine,basal_TSH,max_TSH_difference
T3_resin_uptake,1.0,-0.4396888585304816,-0.36762049896590543,0.3692885417734936,0.46084439027628227
total_serum_thyroxin,-0.4396888585304816,1.0,0.7167091941102001,-0.5255343601714507,-0.6465255892194846
total_serum_triiodothyronine,-0.36762049896590543,0.7167091941102001,1.0,-0.413113245105698,-0.4547091235278688
basal_TSH,0.3692885417734936,-0.5255343601714507,-0.413113245105698,1.0,0.6000008132235642
max_TSH_difference,0.46084439027628227,-0.6465255892194846,-0.4547091235278688,0.6000008132235642,1.0
