,count,mean,std,min,25%,50%,75%,max
mcv,345.0,90.15942028985508,4.448095974964356,65.0,87.0,90.0,93.0,103.0
alkphos,345.0,69.8695652173913,18.34767034470198,23.0,57.0,67.0,80.0,138.0
sgpt,345.0,30.405797101449274,19.512308906279166,4.0,19.0,26.0,34.0,155.0
sgot,345.0,24.643478260869564,10.064493746739561,5.0,19.0,23.0,27.0,82.0
gammagt,345.0,38.28405797101449,39.254616167550864,5.0,15.0,25.0,46.0,297.0
drinks,345.0,3.455072463768116,3.337835264577128,0.0,0.5,3.0,6.0,20.0
selector,345.0,1.5797101449275361,0.4943223309770612,1.0,1.0,2.0,2.0,2.0
