,mcv,alkphos,sgpt,sgot,gammagt,drinks,selector
count,345.0,345.0,345.0,345.0,345.0,345.0,345.0
mean,90.15942028985508,69.8695652173913,30.405797101449274,24.643478260869564,38.28405797101449,3.455072463768116,1.5797101449275361
std,4.448095974964356,18.34767034470198,19.512308906279166,10.064493746739561,39.254616167550864,3.337835264577128,0.4943223309770612
min,65.0,23.0,4.0,5.0,5.0,0.0,1.0
25%,87.0,57.0,19.0,19.0,15.0,0.5,1.0
50%,90.0,67.0,26.0,23.0,25.0,3.0,2.0
75%,93.0,80.0,34.0,27.0,46.0,6.0,2.0
max,103.0,138.0,155.0,82.0,297.0,20.0,2.0
