Feature,Selector_1_Mean,Selector_2_Mean,Difference,T_Statistic,P_Value,Significant
mcv,90.5774647887324,89.79396984924622,-0.7834949394861752,1.6056188349601916,0.10928877280420644,No
alkphos,71.99295774647888,68.39195979899498,-3.6009979474839042,1.7841612886930676,0.07529175765201761,No
sgpt,31.41549295774648,29.86934673366834,-1.5461462240781394,0.718097249759576,0.47319191382505865,No
sgot,22.746478873239436,26.030150753768844,3.2836718805294076,-2.989334147770508,0.00300011623809522,Yes
gammagt,31.598591549295776,43.256281407035175,11.657689857739399,-2.715878835504116,0.0069487686556984635,Yes
drinks,3.4753521126760565,3.399497487437186,-0.07585462523887054,0.2063495585372115,0.8366417436692767,No
ast_alt_ratio,0.8135550220814315,1.032732920284626,0.21917789820319455,-4.9562560233321,1.13727917057827e-06,Yes
total_enzyme_score,-0.2018562669134124,0.1440381402095707,0.34589440712298314,-1.0962104040559908,0.27376483291932413,No
